{"train/loss": 0.0127, "train/grad_norm": 0.10542240738868713, "train/learning_rate": 2.4585365853658537e-06, "train/epoch": 1.0, "train/global_step": 1125, "_timestamp": 1753345429.461371, "_runtime": 56.578656911849976, "_step": 2, "train_runtime": 59.0161, "train_samples_per_second": 305.001, "train_steps_per_second": 19.063, "total_flos": 0.0, "train_loss": 0.013365180439419217, "_wandb": {"runtime": 56}}