{"train/loss": 0.0098, "train/grad_norm": 0.251212477684021, "train/learning_rate": 2.4585365853658537e-06, "train/epoch": 1.0, "train/global_step": 1125, "_timestamp": 1753343593.8724449, "_runtime": 115.21142077445984, "_step": 2, "train_runtime": 117.7116, "train_samples_per_second": 152.916, "train_steps_per_second": 9.557, "total_flos": 0.0, "train_loss": 0.01091669570075141, "_wandb": {"runtime": 116}}