{"train/loss": 0.0087, "train/grad_norm": 0.09462317079305649, "train/learning_rate": 2.4585365853658537e-06, "train/epoch": 1.0, "train/global_step": 1125, "_timestamp": 1751955199.9372592, "_runtime": 123.33106112480164, "_step": 2, "train_runtime": 124.9191, "train_samples_per_second": 144.093, "train_steps_per_second": 9.006, "total_flos": 0.0, "train_loss": 0.009782398541768392, "_wandb": {"runtime": 123}}