{"train/loss": 0.0201, "train/grad_norm": 0.20291228592395782, "train/learning_rate": 2.4585365853658537e-06, "train/epoch": 1.0, "train/global_step": 1125, "_timestamp": 1753346815.5042355, "_runtime": 46.675485610961914, "_step": 2, "train_runtime": 48.4183, "train_samples_per_second": 371.76, "train_steps_per_second": 23.235, "total_flos": 0.0, "train_loss": 0.021068853590223525, "_wandb": {"runtime": 46}}