{"train/loss": 0.0108, "train/grad_norm": 0.2054779827594757, "train/learning_rate": 2.4585365853658537e-06, "train/epoch": 1.0, "train/global_step": 1125, "_timestamp": 1753341921.7154362, "_runtime": 80.2210443019867, "_step": 2, "train_runtime": 81.9594, "train_samples_per_second": 219.621, "train_steps_per_second": 13.726, "total_flos": 0.0, "train_loss": 0.011340202543470594, "_wandb": {"runtime": 80}}